{
    "name" : "[COLOR red]Umbrella[/COLOR] (Source Select)", 
    "plugin" : "plugin.video.umbrella", 
    "priority" : 100, 
    "is_resolvable" : "true", 
    "play_episode" : "plugin://plugin.video.umbrella/?action=play&title={title_url}&year={showyear}&imdb={imdb}&tmdb={tmdb}&season={season}&episode={episode}&tvshowtitle={showname_url}&premiered={firstaired}&select=0", 
    "play_movie" : "plugin://plugin.video.umbrella/?action=play&title={title_url}&year={year}&imdb={imdb}&tmdb={tmdb}&select=0"
}